DSC02659,DSC02659,

DSC02659,1000,3795.63675895,3569.64925433,334.660693688,335.40931036,334.930327874,0.748616672795,0.597139116273,2128.94849968
DSC02660,1.79053035639,2.02400990347,1.93862387109,334.247045214,335.938455148,335.064421637,1.69140993382,0.59690013945,1.19181289583
DSC02661,47.9521589962,50.9935028908,49.5626793528,332.93263945,334.442038394,333.650074366,1.50939894399,0.599430407381,29.7555100475
DSC02662,145.329130405,145.543893614,145.457586097,332.9801629,334.349352504,333.669677573,1.3691896042,0.59939519064,87.1970482061
DSC02663,82.0036540718,84.9950701067,83.2073473067,334.455847632,335.775775158,335.148124498,1.31992752596,0.596751064323,49.6293587717
DSC02664,0.604391061832,0.798099483972,0.689504552598,334.357674988,335.826080972,335.073278572,1.46840598363,0.596884361691,0.389603893119
DSC02665,0.278524892474,0.335773006354,0.299444073301,334.379642952,335.776464024,335.073689393,1.39682107172,0.596883629873,0.184877500385
DSC02666,27.7605522322,27.9548867496,27.8587591879,335.258625663,335.961984697,335.511148414,0.703359033955,0.596105378154,16.5525930732
DSC02667,8.02124353367,8.49380624165,8.24314008233,334.698717792,335.635241061,335.059144584,0.936523269252,0.596909540399,4.91240043606
DSC02668,0.461988640666,0.608479159222,0.519978469416,334.799365288,335.749787544,335.097830747,0.950422255699,0.596840628763,0.338166192458
DSC02669,0.39649198553,0.445788213045,0.416479517229,334.682509095,335.814354368,335.090916801,1.13184527361,0.596852943402,0.235173649218
DSC02670,0.421953706111,0.515389186226,0.47254008984,334.770539654,335.826277668,335.093997782,1.05573801415,0.59684745571,0.303675901418
DSC02671,0.438927908798,0.625324641791,0.503035978678,334.774641441,335.637059374,335.063132318,0.862417932749,0.596902436316,0.294917120776
DSC02672,1.7574220902,1.84556110784,1.79976029225,334.793608957,335.674127237,335.127452747,0.880518280129,0.596787873869,1.04456416127
DSC02756,155.764236199,243.777089846,199.988206499,226.70506684,428.055259534,325.591268571,201.350192695,0.614267086701,116.842478915
DSC02757,6.07863962402,6.21982690218,6.15758119589,226.663116924,427.993245563,325.576074227,201.330128639,0.614295753995,3.78583469771
DSC02758,3.39425665093,3.47199065456,3.43407724156,226.727605182,427.880715424,325.591280542,201.153110242,0.614267064114,2.08498669607
DSC02759,2.23698896947,2.80415487146,2.53986367742,225.987509677,427.977962368,325.276766136,201.990452691,0.614861007061,1.58990539952
DSC02760 step 1,3.78217862486,4.59418029457,4.1826217578,226.851393142,427.921673614,325.585594934,201.070280472,0.614277790885,2.60763907838
DSC02761,0.553218131118,0.703714928575,0.615076298314,227.027453324,427.867048672,325.622905461,200.839595348,0.614207405701,0.377749451419
DSC02762,3.99294112645,4.11041826886,4.05286378673,227.068889222,427.812868695,325.642210814,200.743979472,0.614170993066,2.51721558678
DSC02763,788.959353509,1300.1362244,1062.92242092,0.00243490859062,92.3108162837,46.571816818,92.3083813751,4.29444272663,4454.24989649
DSC02764,781.926207018,1292.97434037,1055.92038553,226.894256599,427.778377137,325.639877173,200.884120538,0.614175394416,634.738278291
DSC02747,3.42589893596,3.71305044955,3.53361877592,227.107129933,428.097683504,325.822548249,200.990553571,0.613831059497,2.14879148949
DSC02748,4.20560429883,6.87476721716,5.69413311004,224.366483501,428.273193827,324.808264206,203.906710325,0.615747879719,3.55924471119
DSC02749,2.4906978161,4.98460725464,3.93614599255,227.021693702,427.939789473,325.760501878,200.918095772,0.61394797358,2.46274984237
DSC02750 intval 1,1.03702207151,1.12514253879,1.07399641934,227.011156294,428.103611662,325.768820671,201.092455368,0.613932295878,0.67586426774
DSC02751,0.270235137674,0.44132805866,0.32056251615,227.150167823,428.011118485,325.755898979,200.860950662,0.613956648604,0.255447733445
DSC02752,3.54576101118,4.14053129594,3.81110694534,226.551658094,428.014396303,325.537777667,201.46273821,0.614368020306,2.34523935078
DSC02753,3.00618834056,3.38676248674,3.20195497283,226.934534094,427.974735309,325.70130323,201.040201214,0.614059563214,1.96922376772
DSC02754,661.530451672,976.017141045,812.914047688,0.00381297731507,102.803848226,58.3356107301,102.800035248,3.42843757864,2702.44535562
DSC02755 step 1,661.982494414,976.367946715,813.323719268,227.011405049,427.968313987,325.694915901,200.956908938,0.614071605776,484.886446725
DSC02738,4.79222972989,5.0692068358,4.95657266972,227.171766348,428.03102121,325.80431925,200.859254862,0.613865403812,3.05608582601
DSC02739,2.48312364709,2.6344294832,2.5383899577,227.099953421,427.936577733,325.770455102,200.836624312,0.613929215704,1.54140103613
DSC02740 step 0,5,1.74697308086,1.94549432924,1.84540643272,227.157718379,428.140683773,325.863756943,200.982965394,0.613753434492,1.1764948574
DSC02741,0.685892925248,0.756939542509,0.721460204818,227.078484445,428.089260141,325.773593174,201.010775697,0.61392330192,0.40724967185
DSC02742,0.372688240901,0.622507525575,0.465176722459,227.152463132,428.133579739,325.845577934,200.981116607,0.613787675953,0.324646180096
DSC02743,0.146360828434,0.318658910152,0.224972146237,227.104996363,428.043476313,325.839984643,200.93847995,0.613798212087,0.201254787984
DSC02744,0.9496519568,1.06966845773,1.0214139751,227.184070466,427.995971915,325.838097585,200.811901449,0.613801766836,0.657106783232
DSC02745 step 0,5,1.42344147465,1.50125769202,1.46010784965,227.14161332,428.012691604,325.849637202,200.871078283,0.613780029701,0.90843403408
DSC02746,659.255681764,947.660172527,804.79736022,0.0743734140473,103.09213511,58.2619970194,103.017761695,3.43276939054,2604.88060277
DSC02673,630.498256197,1063.67696619,863.895977125,334.718366811,335.799508751,335.103156099,1.08114193959,0.596831143962,499.208047153
DSC02729,138.002420126,229.853662397,184.888747973,227.582451391,428.11957327,326.000583874,200.53712188,0.613495833729,107.241253976
DSC02730 step 0,5,31.6961646942,31.9838972669,31.8202126424,227.664972119,428.205442692,326.04242361,200.540470573,0.613417106233,19.5602364678
DSC02731,8.02702085119,8.38698348617,8.22588644499,227.258615002,428.109051607,325.835752276,200.850436605,0.613806184874,5.16288919111
DSC02732,5.53225882,5.66450895589,5.61155287657,227.338227232,428.040650482,325.913535547,200.70242325,0.613659692484,3.43496386302
DSC02733,654.760201069,967.817415404,805.382742128,0.010179790663,103.001207638,58.2549851882,102.991027848,3.43318257406,2678.316545
DSC02734,656.530511888,972.787192088,809.113887668,227.322542648,428.127264739,325.871639573,200.804722091,0.613738588182,481.930623426
DSC02735 step 0,5,0.955352751521,1.08321129665,0.994275170016,227.232444203,427.848837743,325.738664113,200.61639354,0.613989133112,0.59433681353
DSC02736,0.377567817868,0.705792780797,0.500984596167,227.099572381,428.194280492,325.833764308,201.094708111,0.613809929811,0.359101672231
DSC02737,0.43463408613,0.552486579805,0.488802101807,227.047892162,428.045676804,325.762021672,200.997784642,0.613945109296,0.277227388533
DSC02720,158.484616288,245.970848822,202.886595415,334.665335626,335.659801418,335.057105035,0.994465792621,0.596913173888,115.466567233
DSC02721,1.22630011431,1.45598698336,1.33197666137,334.64399201,335.763509145,335.104117593,1.11951713554,0.596829431511,0.758981160375
DSC02722,1.52417764535,2.14930930742,1.77093472757,334.187342924,335.763754998,334.888652044,1.57641207454,0.597213428342,1.04148704415
DSC02723,1.43102390073,2.13374117311,1.70436678553,334.70137677,335.77142984,335.143443215,1.0700530699,0.59675939974,0.995939892377
DSC02724 step 0,1,0.0114303710066,0.1544127693,0.0874537385033,334.617704305,335.707216275,335.105360361,1.08951196956,0.596827218117,0.034147122481
DSC02725,2.23874350629,2.83191329447,2.51925629479,334.247903426,335.833249648,334.941623649,1.58534622159,0.597118977991,1.53105666976
DSC02726,1.06423037937,1.71217615327,1.36688895668,334.789193964,335.647958408,335.093398294,0.858764443612,0.596848523481,0.818743326089
DSC02727,1.29254176186,1.3811988683,1.33884263141,334.719033963,335.736977752,335.103297305,1.01794378888,0.596830892469,0.798093700788
DSC02728,2.14386389029,3.45220421688,2.79656450871,333.514236108,335.742346413,334.570707647,2.22811030559,0.597780963571,1.66845892222
DSC02711,5.38295026611,6.58971304049,5.98372970221,334.683187104,335.805079854,335.080425253,1.12189274941,0.596871631188,3.58070379191
DSC02712,2.23465156177,2.30653422447,2.26004406383,334.675314634,335.76811399,335.076561502,1.09279935528,0.596878513685,1.36386687011
DSC02713 intval 0,1,0.352718339389,0.444917486904,0.393311685536,334.633286962,335.73704298,335.076255485,1.10375601863,0.596879058799,0.239215716454
DSC02714,0.142916343548,0.217061199541,0.188050005766,334.692072322,335.707663145,335.060460211,1.0155908231,0.596907196612,0.118966030368
DSC02715,1.18560540119,3.97542362542,2.64671658555,331.955549594,335.857373315,334.022286485,3.90182372038,0.598762442186,1.5734226822
DSC02716,8.683159218,10.6354746236,9.65682056697,333.980545166,335.610109536,334.759965058,1.62956437025,0.597443006559,5.83003024888
DSC02717,6.25015384962,6.48929559999,6.34378266917,333.835829754,335.788014286,334.758082669,1.952184532,0.597446366061,3.82227091661
DSC02718,1.69851277473,2.48606115977,2.07740124167,334.742739468,335.796779708,335.130903847,1.05404023987,0.596781728286,1.25917063839
DSC02719 step 0,1,0.264201332028,0.415004899358,0.349576133345,334.690430511,335.813605471,335.126869644,1.12317495963,0.596788912249,0.191665283848
DSC02702,5.74492847133,5.83807295166,5.79602771377,334.786242608,335.793441248,335.13667824,1.00719863985,0.596771445759,3.46178855247
DSC02703 step 1,3.5827578491,3.70812236015,3.6421272726,334.751982962,335.733101279,335.125668979,0.981118317201,0.596791050382,2.18371809464
DSC02704,0.363259017428,0.58785534116,0.513959003808,334.593543101,335.778706327,335.101240337,1.18516322564,0.596834556026,0.311962998585
DSC02705,1.36132182006,1.44995442454,1.41426890098,334.591051999,335.676863251,335.027816613,1.08581125186,0.596965356554,0.866532502085
DSC02706,1.95932443925,2.01608495861,1.99118584047,334.577793692,335.763126531,335.041979006,1.18533283897,0.596940122528,1.18945488658
DSC02707,1.22929934685,1.33320325041,1.2672356912,334.566102553,335.724115831,335.037074341,1.15801327746,0.596948861236,0.75757326297
DSC02708 step 1,1.57354981477,1.74743991309,1.69417522534,334.719697885,335.847466238,335.127221004,1.1277683538,0.596788286552,1.00640928941
DSC02709,3.2474053461,3.45301778333,3.32312810969,334.694302316,335.684563507,335.065980164,0.990261191134,0.596897363028,1.99023087615
DSC02710,2.88419257576,2.96757091397,2.93603493438,334.744934358,335.710266741,335.123565429,0.965332383369,0.596794796403,1.77426636365
DSC02693,7.04272668817,7.26756812333,7.15031652214,334.70678583,335.428234972,334.981965815,0.721449142528,0.59704706644,4.29049996467
DSC02694,5.17039478936,5.61648009837,5.38888424496,334.562313732,335.764537413,335.050677521,1.20222368095,0.596924624894,3.23367727633
DSC02695,1.10442076165,1.29407106184,1.21709667858,334.6603693,335.729186846,335.039338343,1.06881754623,0.596944827402,0.71757113618
DSC02696,1.38051371045,1.57426973644,1.48743022723,334.767370669,335.780440296,335.126779765,1.0130696266,0.596789072304,0.854605801765
DSC02697 intval 1,2.05168080174,2.20275179428,2.13718474125,334.716783673,335.841123829,335.111258532,1.12434015528,0.596816713577,1.26395883059
DSC02698,1.62730202935,1.70813657822,1.65840510666,334.680734098,335.792666527,335.118524328,1.11193242904,0.596803773832,1.0016993288
DSC02699,2.02802005505,2.15612386252,2.09271436278,334.663851341,335.709894936,335.067634712,1.04604359463,0.596894415577,1.24940219472
DSC02700,1.25947641409,1.3542738218,1.31135879898,334.652199776,335.773354203,335.078433696,1.12115442705,0.596875178727,0.768461874103
DSC02701,0.425607068192,0.501372480197,0.476047318655,334.620954094,335.738411369,335.043721299,1.11745727523,0.596937018323,0.289493956762
DSC02684,4.20739530761,4.28261911992,4.23369958092,334.695385805,335.726734649,335.044458519,1.03134884393,0.596935704844,2.5295691566
DSC02685,0.752226237451,0.877133255366,0.804244951856,334.684231272,335.836496082,335.111270283,1.15226480995,0.596816692651,0.468721160394
DSC02686,1.13789126956,1.39437696528,1.24347698783,334.78862555,335.7153683,335.123997744,0.926742750007,0.596794026528,0.739043732903
DSC02687 step 0,5,0.667366559481,0.765883188116,0.702966719573,334.810330218,335.702520169,335.116360985,0.892189951062,0.596807626498,0.428295651658
DSC02688,0.240671148457,0.308028681598,0.275185887656,334.802957475,335.711893442,335.139914874,0.908935967426,0.596765682402,0.14370758358
DSC02689,1000,1751.94823094,1497.99116566,33.1407677928,154.221771455,80.5712827417,121.081003662,2.48227399632,3664.32472325
DSC02690,1000,1750.60847788,1496.5873446,334.688578926,335.642188868,335.027668273,0.953609941703,0.596965620872,885.821154234
DSC02691,1.38565035214,1.70605320704,1.55454943633,334.761500507,335.83996808,335.197088786,1.07846757259,0.596663893247,0.919281942668
DSC02692 step 0,5,0.779878948688,0.921698375528,0.826836303949,334.772522404,335.748300528,335.120252378,0.97577812344,0.596800696409,0.491399220165
DSC02674,3.1288168867,3.2435271012,3.17666729049,334.736010801,335.739776816,335.094775527,1.00376601539,0.596846070446,1.91904164509
DSC02675,11.4618526508,12.8769199852,12.1568751088,333.359665873,335.687623002,334.370469288,2.32795712864,0.59813894578,7.26539882876
DSC02677 step 0,5,0.790945855349,0.948204000472,0.893198263733,333.418411014,335.583755246,334.377306547,2.16534423236,0.598126715193,0.52225550539
DSC02678,10.8904450482,12.3047464938,11.5947778138,334.733687958,335.756195513,335.108981755,1.02250755455,0.596820768434,6.92807196082
DSC02679,0.976515539948,1.03496040795,1.00620384677,334.770747195,335.777694976,335.169377104,1.00694778026,0.5967132252,0.588328168522
DSC02680,2.53141519514,2.76800772026,2.60338930878,334.705869973,335.763821664,335.090814967,1.05795169154,0.596853124786,1.55389095666
DSC02681,2.58057079766,2.82859146107,2.69347211592,334.689572785,335.73193945,335.097339078,1.04236666526,0.596841504472,1.59415507274
DSC02682 step 0,5,0.564012996055,0.718564973733,0.619149256299,334.700107254,335.740354175,335.080061796,1.04024692156,0.596872278607,0.370460434638
DSC02683,0.158136659954,0.289631592665,0.203887549349,334.643389427,335.647953761,335.04312833,1.00456433414,0.5969380748,0.104608992205


DSC02659,1000,3795.83470136,3569.72640508,334.660693688,335.40931036,334.930327874,0.748616672795,0.597139116273,2129.22740838
DSC02660,1.79053035639,2.02400990347,1.93862387109,334.247045214,335.938455148,335.064421637,1.69140993382,0.59690013945,1.19181289583
DSC02661,47.9521589962,50.9935028908,49.5626793528,332.93263945,334.442038394,333.650074366,1.50939894399,0.599430407381,29.7555100475
DSC02662,145.329130405,145.543893614,145.457586097,332.9801629,334.349352504,333.669677573,1.3691896042,0.59939519064,87.1970482061
DSC02663,82.0036540718,84.9950701067,83.2073473067,334.455847632,335.775775158,335.148124498,1.31992752596,0.596751064323,49.6293587717
DSC02664,0.604391061832,0.798099483972,0.689504552598,334.357674988,335.826080972,335.073278572,1.46840598363,0.596884361691,0.389603893119
DSC02665,0.278524892474,0.335773006354,0.299444073301,334.379642952,335.776464024,335.073689393,1.39682107172,0.596883629873,0.184877500385
DSC02666,27.7605522322,27.9548867496,27.8587591879,335.258625663,335.961984697,335.511148414,0.703359033955,0.596105378154,16.5525930732
DSC02667,8.02124353367,8.49380624165,8.24314008233,334.698717792,335.635241061,335.059144584,0.936523269252,0.596909540399,4.91240043606
DSC02668,0.461988640666,0.608479159222,0.519978469416,334.799365288,335.749787544,335.097830747,0.950422255699,0.596840628763,0.338166192458
DSC02669,0.39649198553,0.445788213045,0.416479517229,334.682509095,335.814354368,335.090916801,1.13184527361,0.596852943402,0.235173649218
DSC02670,0.421953706111,0.515389186226,0.47254008984,334.770539654,335.826277668,335.093997782,1.05573801415,0.59684745571,0.303675901418
DSC02671,0.438927908798,0.625324641791,0.503035978678,334.774641441,335.637059374,335.063132318,0.862417932749,0.596902436316,0.294917120776
DSC02672,1.7574220902,1.84556110784,1.79976029225,334.793608957,335.674127237,335.127452747,0.880518280129,0.596787873869,1.04456416127
DSC02673,0.250480220434,0.472592183965,0.340011774018,334.718366811,335.799508751,335.103156099,1.08114193959,0.596831143962,0.185420920385
DSC02674,0.477999428235,0.612383884498,0.569404613165,334.736010801,335.739776816,335.094775527,1.00376601539,0.596846070446,0.311424740382
DSC02675,11.4618526508,12.8769199852,12.1568751088,333.359665873,335.687623002,334.370469288,2.32795712864,0.59813894578,7.26539882876
DSC02677 step 0,5,0.790945855349,0.948204000472,0.893198263733,333.418411014,335.583755246,334.377306547,2.16534423236,0.598126715193,0.52225550539
DSC02678,10.8904450482,12.3047464938,11.5947778138,334.733687958,335.756195513,335.108981755,1.02250755455,0.596820768434,6.92807196082
DSC02679,0.976515539948,1.03496040795,1.00620384677,334.770747195,335.777694976,335.169377104,1.00694778026,0.5967132252,0.588328168522
DSC02680,2.53141519514,2.76800772026,2.60338930878,334.705869973,335.763821664,335.090814967,1.05795169154,0.596853124786,1.55389095666
DSC02681,2.58057079766,2.82859146107,2.69347211592,334.689572785,335.73193945,335.097339078,1.04236666526,0.596841504472,1.59415507274
DSC02682 step 0,5,0.564012996055,0.718564973733,0.619149256299,334.700107254,335.740354175,335.080061796,1.04024692156,0.596872278607,0.370460434638
DSC02683,0.158136659954,0.289631592665,0.203887549349,334.643389427,335.647953761,335.04312833,1.00456433414,0.5969380748,0.104608992205
DSC02684,0.0819225499345,0.158533763346,0.12014290725,334.695385805,335.726734649,335.044458519,1.03134884393,0.596935704844,0.0536810927506
DSC02685,0.752226237451,0.877133255366,0.804244951856,334.684231272,335.836496082,335.111270283,1.15226480995,0.596816692651,0.468721160394
DSC02686,1.13789126956,1.39437696528,1.24347698783,334.78862555,335.7153683,335.123997744,0.926742750007,0.596794026528,0.739043732903
DSC02687 step 0,5,0.667366559481,0.765883188116,0.702966719573,334.810330218,335.702520169,335.116360985,0.892189951062,0.596807626498,0.428295651658
DSC02688,0.240671148457,0.308028681598,0.275185887656,334.802957475,335.711893442,335.139914874,0.908935967426,0.596765682402,0.14370758358
DSC02689,1000,1751.94823094,1497.99116566,33.1407677928,154.221771455,80.5712827417,121.081003662,2.48227399632,3664.32472325
DSC02690,1000,1750.60847788,1496.5873446,334.688578926,335.642188868,335.027668273,0.953609941703,0.596965620872,885.821154234
DSC02691,1.38565035214,1.70605320704,1.55454943633,334.761500507,335.83996808,335.197088786,1.07846757259,0.596663893247,0.919281942668
DSC02692 step 0,5,0.779878948688,0.921698375528,0.826836303949,334.772522404,335.748300528,335.120252378,0.97577812344,0.596800696409,0.491399220165
DSC02693,4.56913432561,4.96547787516,4.76701388677,334.70678583,335.428234972,334.981965815,0.721449142528,0.59704706644,2.87879521436
DSC02694,5.17039478936,5.61648009837,5.38888424496,334.562313732,335.764537413,335.050677521,1.20222368095,0.596924624894,3.23367727633
DSC02695,1.10442076165,1.29407106184,1.21709667858,334.6603693,335.729186846,335.039338343,1.06881754623,0.596944827402,0.71757113618
DSC02696,1.38051371045,1.57426973644,1.48743022723,334.767370669,335.780440296,335.126779765,1.0130696266,0.596789072304,0.854605801765
DSC02697 intval 1,2.05168080174,2.20275179428,2.13718474125,334.716783673,335.841123829,335.111258532,1.12434015528,0.596816713577,1.26395883059
DSC02698,1.62730202935,1.70813657822,1.65840510666,334.680734098,335.792666527,335.118524328,1.11193242904,0.596803773832,1.0016993288
DSC02699,2.02802005505,2.15612386252,2.09271436278,334.663851341,335.709894936,335.067634712,1.04604359463,0.596894415577,1.24940219472
DSC02700,1.25947641409,1.3542738218,1.31135879898,334.652199776,335.773354203,335.078433696,1.12115442705,0.596875178727,0.768461874103
DSC02701,0.425607068192,0.501372480197,0.476047318655,334.620954094,335.738411369,335.043721299,1.11745727523,0.596937018323,0.289493956762
DSC02702,1.50175641958,1.65892280984,1.59245250316,334.786242608,335.793441248,335.13667824,1.00719863985,0.596771445759,0.951969874273
DSC02703 step 1,3.5827578491,3.70812236015,3.6421272726,334.751982962,335.733101279,335.125668979,0.981118317201,0.596791050382,2.18371809464
DSC02704,0.363259017428,0.58785534116,0.513959003808,334.593543101,335.778706327,335.101240337,1.18516322564,0.596834556026,0.311962998585
DSC02705,1.36132182006,1.44995442454,1.41426890098,334.591051999,335.676863251,335.027816613,1.08581125186,0.596965356554,0.866532502085
DSC02706,1.95932443925,2.01608495861,1.99118584047,334.577793692,335.763126531,335.041979006,1.18533283897,0.596940122528,1.18945488658
DSC02707,1.22929934685,1.33320325041,1.2672356912,334.566102553,335.724115831,335.037074341,1.15801327746,0.596948861236,0.75757326297
DSC02708 step 1,1.57354981477,1.74743991309,1.69417522534,334.719697885,335.847466238,335.127221004,1.1277683538,0.596788286552,1.00640928941
DSC02709,3.2474053461,3.45301778333,3.32312810969,334.694302316,335.684563507,335.065980164,0.990261191134,0.596897363028,1.99023087615
DSC02710,2.88419257576,2.96757091397,2.93603493438,334.744934358,335.710266741,335.123565429,0.965332383369,0.596794796403,1.77426636365
DSC02711,1.65498048334,1.78493816037,1.71193279132,334.683187104,335.805079854,335.080425253,1.12189274941,0.596871631188,1.04733357506
DSC02712,2.23465156177,2.30653422447,2.26004406383,334.675314634,335.76811399,335.076561502,1.09279935528,0.596878513685,1.36386687011
DSC02713 intval 0,1,0.352718339389,0.444917486904,0.393311685536,334.633286962,335.73704298,335.076255485,1.10375601863,0.596879058799,0.239215716454
DSC02714,0.142916343548,0.217061199541,0.188050005766,334.692072322,335.707663145,335.060460211,1.0155908231,0.596907196612,0.118966030368
DSC02715,1.18560540119,3.97542362542,2.64671658555,331.955549594,335.857373315,334.022286485,3.90182372038,0.598762442186,1.5734226822
DSC02716,8.683159218,10.6354746236,9.65682056697,333.980545166,335.610109536,334.759965058,1.62956437025,0.597443006559,5.83003024888
DSC02717,6.25015384962,6.48929559999,6.34378266917,333.835829754,335.788014286,334.758082669,1.952184532,0.597446366061,3.82227091661
DSC02718,1.69851277473,2.48606115977,2.07740124167,334.742739468,335.796779708,335.130903847,1.05404023987,0.596781728286,1.25917063839
DSC02719 step 0,1,0.264201332028,0.415004899358,0.349576133345,334.6

DSC02659,1000,3795.06789893,3569.20703777,334.660693688,335.40931036,334.930327874,0.748616672795,0.597139116273,2128.6472644
DSC02660,1.79053035639,2.02400990347,1.93862387109,334.247045214,335.938455148,335.064421637,1.69140993382,0.59690013945,1.19181289583
DSC02661,47.9521589962,50.9935028908,49.5626793528,332.93263945,334.442038394,333.650074366,1.50939894399,0.599430407381,29.7555100475
DSC02662,145.329130405,145.543893614,145.457586097,332.9801629,334.349352504,333.669677573,1.3691896042,0.59939519064,87.1970482061
DSC02663,82.0036540718,84.9950701067,83.2073473067,334.455847632,335.775775158,335.148124498,1.31992752596,0.596751064323,49.6293587717
DSC02664,0.604391061832,0.798099483972,0.689504552598,334.357674988,335.826080972,335.073278572,1.46840598363,0.596884361691,0.389603893119
DSC02665,0.278524892474,0.335773006354,0.299444073301,334.379642952,335.776464024,335.073689393,1.39682107172,0.596883629873,0.184877500385
DSC02666,27.7605522322,27.9548867496,27.8587591879,335.258625663,335.961984697,335.511148414,0.703359033955,0.596105378154,16.5525930732
DSC02667,8.02124353367,8.49380624165,8.24314008233,334.698717792,335.635241061,335.059144584,0.936523269252,0.596909540399,4.91240043606
DSC02668,0.461988640666,0.608479159222,0.519978469416,334.799365288,335.749787544,335.097830747,0.950422255699,0.596840628763,0.338166192458
DSC02669,0.39649198553,0.445788213045,0.416479517229,334.682509095,335.814354368,335.090916801,1.13184527361,0.596852943402,0.235173649218
DSC02670,0.421953706111,0.515389186226,0.47254008984,334.770539654,335.826277668,335.093997782,1.05573801415,0.59684745571,0.303675901418
DSC02671,0.438927908798,0.625324641791,0.503035978678,334.774641441,335.637059374,335.063132318,0.862417932749,0.596902436316,0.294917120776
DSC02672,1.7574220902,1.84556110784,1.79976029225,334.793608957,335.674127237,335.127452747,0.880518280129,0.596787873869,1.04456416127
DSC02673,0.250480220434,0.472592183965,0.340011774018,334.718366811,335.799508751,335.103156099,1.08114193959,0.596831143962,0.185420920385
DSC02674,0.477999428235,0.612383884498,0.569404613165,334.736010801,335.739776816,335.094775527,1.00376601539,0.596846070446,0.311424740382
DSC02675,11.4618526508,12.8769199852,12.1568751088,333.359665873,335.687623002,334.370469288,2.32795712864,0.59813894578,7.26539882876
DSC02677 step 0,5,0.790945855349,0.948204000472,0.893198263733,333.418411014,335.583755246,334.377306547,2.16534423236,0.598126715193,0.52225550539
DSC02678,10.8904450482,12.3047464938,11.5947778138,334.733687958,335.756195513,335.108981755,1.02250755455,0.596820768434,6.92807196082
DSC02679,0.976515539948,1.03496040795,1.00620384677,334.770747195,335.777694976,335.169377104,1.00694778026,0.5967132252,0.588328168522
DSC02680,2.53141519514,2.76800772026,2.60338930878,334.705869973,335.763821664,335.090814967,1.05795169154,0.596853124786,1.55389095666
DSC02681,2.58057079766,2.82859146107,2.69347211592,334.689572785,335.73193945,335.097339078,1.04236666526,0.596841504472,1.59415507274
DSC02682 step 0,5,0.564012996055,0.718564973733,0.619149256299,334.700107254,335.740354175,335.080061796,1.04024692156,0.596872278607,0.370460434638
DSC02683,0.158136659954,0.289631592665,0.203887549349,334.643389427,335.647953761,335.04312833,1.00456433414,0.5969380748,0.104608992205
DSC02684,0.0819225499345,0.158533763346,0.12014290725,334.695385805,335.726734649,335.044458519,1.03134884393,0.596935704844,0.0536810927506
DSC02685,0.752226237451,0.877133255366,0.804244951856,334.684231272,335.836496082,335.111270283,1.15226480995,0.596816692651,0.468721160394
DSC02686,1.13789126956,1.39437696528,1.24347698783,334.78862555,335.7153683,335.123997744,0.926742750007,0.596794026528,0.739043732903
DSC02687 step 0,5,0.667366559481,0.765883188116,0.702966719573,334.810330218,335.702520169,335.116360985,0.892189951062,0.596807626498,0.428295651658
DSC02688,0.240671148457,0.308028681598,0.275185887656,334.802957475,335.711893442,335.139914874,0.908935967426,0.596765682402,0.14370758358
DSC02689,1000,1751.94823094,1497.99116566,33.1407677928,154.221771455,80.5712827417,121.081003662,2.48227399632,3664.32472325
DSC02690,1000,1750.60847788,1496.5873446,334.688578926,335.642188868,335.027668273,0.953609941703,0.596965620872,885.821154234
DSC02691,1.38565035214,1.70605320704,1.55454943633,334.761500507,335.83996808,335.197088786,1.07846757259,0.596663893247,0.919281942668
DSC02692 step 0,5,0.779878948688,0.921698375528,0.826836303949,334.772522404,335.748300528,335.120252378,0.97577812344,0.596800696409,0.491399220165
DSC02693,4.56913432561,4.96547787516,4.76701388677,334.70678583,335.428234972,334.981965815,0.721449142528,0.59704706644,2.87879521436
DSC02694,5.17039478936,5.61648009837,5.38888424496,334.562313732,335.764537413,335.050677521,1.20222368095,0.596924624894,3.23367727633
DSC02695,1.10442076165,1.29407106184,1.21709667858,334.6603693,335.729186846,335.039338343,1.06881754623,0.596944827402,0.71757113618
DSC02696,1.38051371045,1.57426973644,1.48743022723,334.767370669,335.780440296,335.126779765,1.0130696266,0.596789072304,0.854605801765
DSC02697 intval 1,2.05168080174,2.20275179428,2.13718474125,334.716783673,335.841123829,335.111258532,1.12434015528,0.596816713577,1.26395883059
DSC02698,1.62730202935,1.70813657822,1.65840510666,334.680734098,335.792666527,335.118524328,1.11193242904,0.596803773832,1.0016993288
DSC02699,2.02802005505,2.15612386252,2.09271436278,334.663851341,335.709894936,335.067634712,1.04604359463,0.596894415577,1.24940219472
DSC02700,1.25947641409,1.3542738218,1.31135879898,334.652199776,335.773354203,335.078433696,1.12115442705,0.596875178727,0.768461874103
DSC02701,0.425607068192,0.501372480197,0.476047318655,334.620954094,335.738411369,335.043721299,1.11745727523,0.596937018323,0.289493956762
DSC02702,1.50175641958,1.65892280984,1.59245250316,334.786242608,335.793441248,335.13667824,1.00719863985,0.596771445759,0.951969874273
DSC02703 step 1,3.5827578491,3.70812236015,3.6421272726,334.751982962,335.733101279,335.125668979,0.981118317201,0.596791050382,2.18371809464
DSC02704,0.363259017428,0.58785534116,0.513959003808,334.593543101,335.778706327,335.101240337,1.18516322564,0.596834556026,0.311962998585
DSC02705,1.36132182006,1.44995442454,1.41426890098,334.591051999,335.676863251,335.027816613,1.08581125186,0.596965356554,0.866532502085
DSC02706,1.95932443925,2.01608495861,1.99118584047,334.577793692,335.763126531,335.041979006,1.18533283897,0.596940122528,1.18945488658
DSC02707,1.22929934685,1.33320325041,1.2672356912,334.566102553,335.724115831,335.037074341,1.15801327746,0.596948861236,0.75757326297
DSC02708 step 1,1.57354981477,1.74743991309,1.69417522534,334.719697885,335.847466238,335.127221004,1.1277683538,0.596788286552,1.00640928941
DSC02709,3.2474053461,3.45301778333,3.32312810969,334.694302316,335.684563507,335.065980164,0.990261191134,0.596897363028,1.99023087615
DSC02710,2.88419257576,2.96757091397,2.93603493438,334.744934358,335.710266741,335.123565429,0.965332383369,0.596794796403,1.77426636365
DSC02711,1.65498048334,1.78493816037,1.71193279132,334.683187104,335.805079854,335.080425253,1.12189274941,0.596871631188,1.04733357506
DSC02712,2.23465156177,2.30653422447,2.26004406383,334.675314634,335.76811399,335.076561502,1.09279935528,0.596878513685,1.36386687011
DSC02713 intval 0,1,0.352718339389,0.444917486904,0.393311685536,334.633286962,335.73704298,335.076255485,1.10375601863,0.596879058799,0.239215716454
DSC02714,0.142916343548,0.217061199541,0.188050005766,334.692072322,335.707663145,335.060460211,1.0155908231,0.596907196612,0.118966030368
DSC02715,1.18560540119,3.97542362542,2.64671658555,331.955549594,335.857373315,334.022286485,3.90182372038,0.598762442186,1.5734226822
DSC02716,8.683159218,10.6354746236,9.65682056697,333.980545166,335.610109536,334.759965058,1.62956437025,0.597443006559,5.83003024888
DSC02717,6.25015384962,6.48929559999,6.34378266917,333.835829754,335.788014286,334.758082669,1.952184532,0.597446366061,3.82227091661
DSC02718,1.69851277473,2.48606115977,2.07740124167,334.742739468,335.796779708,335.130903847,1.05404023987,0.596781728286,1.25917063839
DSC02719 step 0,1,0.264201332028,0.415004899358,0.349576133345,334.690430511,335.813605471,335.126869644,1.12317495963,0.596788912249,0.191665283848
DSC02720,1.23768878325,1.43515746356,1.31613531139,334.665335626,335.659801418,335.057105035,0.994465792621,0.596913173888,0.744656758186
DSC02721,1.22630011431,1.45598698336,1.33197666137,334.64399201,335.763509145,335.104117593,1.11951713554,0.596829431511,0.758981160375
DSC02722,1.52417764535,2.14930930742,1.77093472757,334.187342924,335.763754998,334.888652044,1.57641207454,0.597213428342,1.04148704415
DSC02723,1.43102390073,2.13374117311,1.70436678553,334.70137677,335.77142984,335.143443215,1.0700530699,0.59675939974,0.995939892377
DSC02724 step 0,1,0.0114303710066,0.1544127693,0.0874537385033,334.617704305,335.707216275,335.105360361,1.08951196956,0.596827218117,0.034147122481
DSC02725,2.23874350629,2.83191329447,2.51925629479,334.247903426,335.833249648,334.941623649,1.58534622159,0.597118977991,1.53105666976
DSC02726,1.06423037937,1.71217615327,1.36688895668,334.789193964,335.647958408,335.093398294,0.858764443612,0.596848523481,0.818743326089
DSC02727,1.29254176186,1.3811988683,1.33884263141,334.719033963,335.736977752,335.103297305,1.01794378888,0.596830892469,0.798093700788
DSC02728,2.14386389029,3.45220421688,2.79656450871,333.514236108,335.742346413,334.570707647,2.22811030559,0.597780963571,1.66845892222
DSC02729,136.49739381,236.563870091,188.407291171,227.582451391,428.11957327,326.000583874,200.53712188,0.613495833729,109.737173823
DSC02730 step 0,5,31.6961646942,31.9838972669,31.8202126424,227.664972119,428.205442692,326.04242361,200.540470573,0.613417106233,19.5602364678
DSC02731,8.02702085119,8.38698348617,8.22588644499,227.258615002,428.109051607,325.835752276,200.850436605,0.613806184874,5.16288919111
DSC02732,5.53225882,5.66450895589,5.61155287657,227.338227232,428.040650482,325.913535547,200.70242325,0.613659692484,3.43496386302
DSC02733,654.760201069,967.817415404,805.382742128,0.010179790663,103.001207638,58.2549851882,102.991027848,3.43318257406,2678.316545
DSC02734,656.530511888,972.787192088,809.113887668,227.322542648,428.127264739,325.871639573,200.804722091,0.613738588182,481.930623426
DSC02735 step 0,5,0.955352751521,1.08321129665,0.994275170016,227.232444203,427.848837743,325.738664113,200.61639354,0.613989133112,0.59433681353
DSC02736,0.377567817868,0.705792780797,0.500984596167,227.099572381,428.194280492,325.833764308,201.094708111,0.613809929811,0.359101672231
DSC02737,0.43463408613,0.552486579805,0.488802101807,227.047892162,428.045676804,325.762021672,200.997784642,0.613945109296,0.277227388533
DSC02738,1.92577940842,2.04496339539,1.99066370668,227.171766348,428.03102121,325.80431925,200.859254862,0.613865403812,1.22052450718
DSC02739,2.48312364709,2.6344294832,2.5383899577,227.099953421,427.936577733,325.770455102,200.836624312,0.613929215704,1.54140103613
DSC02740 step 0,5,1.74697308086,1.94549432924,1.84540643272,227.157718379,428.140683773,325.863756943,200.982965394,0.613753434492,1.1764948574
DSC02741,0.685892925248,0.756939542509,0.721460204818,227.078484445,428.089260141,325.773593174,201.010775697,0.61392330192,0.40724967185
DSC02742,0.372688240901,0.622507525575,0.465176722459,227.152463132,428.133579739,325.845577934,200.981116607,0.613787675953,0.324646180096
DSC02743,0.146360828434,0.318658910152,0.224972146237,227.104996363,428.043476313,325.839984643,200.93847995,0.613798212087,0.201254787984
DSC02744,0.9496519568,1.06966845773,1.0214139751,227.184070466,427.995971915,325.838097585,200.811901449,0.613801766836,0.657106783232
DSC02745 step 0,5,1.42344147465,1.50125769202,1.46010784965,227.14161332,428.012691604,325.849637202,200.871078283,0.613780029701,0.90843403408
DSC02746,659.255681764,947.660172527,804.79736022,0.0743734140473,103.09213511,58.2619970194,103.017761695,3.43276939054,2604.88060277
DSC02747,661.047953377,949.343469117,806.51898938,227.107129933,428.097683504,325.822548249,200.990553571,0.613831059497,467.447508715
DSC02748,4.20560429883,6.87476721716,5.69413311004,224.366483501,428.273193827,324.808264206,203.906710325,0.615747879719,3.55924471119
DSC02749,2.4906978161,4.98460725464,3.93614599255,227.021693702,427.939789473,325.760501878,200.918095772,0.61394797358,2.46274984237
DSC02750 intval 1,1.03702207151,1.12514253879,1.07399641934,227.011156294,428.103611662,325.768820671,201.092455368,0.613932295878,0.67586426774
DSC02751,0.270235137674,0.44132805866,0.32056251615,227.150167823,428.011118485,325.755898979,200.860950662,0.613956648604,0.255447733445
DSC02752,3.54576101118,4.14053129594,3.81110694534,226.551658094,428.014396303,325.537777667,201.46273821,0.614368020306,2.34523935078
DSC02753,3.00618834056,3.38676248674,3.20195497283,226.934534094,427.974735309,325.70130323,201.040201214,0.614059563214,1.96922376772
DSC02754,661.530451672,976.017141045,812.914047688,0.00381297731507,102.803848226,58.3356107301,102.800035248,3.42843757864,2702.44535562
DSC02755 step 1,661.982494414,976.367946715,813.323719268,227.011405049,427.968313987,325.694915901,200.956908938,0.614071605776,484.886446725
DSC02756,1.95039160003,2.3482830493,2.13600146169,226.70506684,428.055259534,325.591268571,201.350192695,0.614267086701,1.31441791995
DSC02757,6.07863962402,6.21982690218,6.15758119589,226.663116924,427.993245563,325.576074227,201.330128639,0.614295753995,3.78583469771
DSC02758,3.39425665093,3.47199065456,3.43407724156,226.727605182,427.880715424,325.591280542,201.153110242,0.614267064114,2.08498669607
DSC02759,2.23698896947,2.80415487146,2.53986367742,225.987509677,427.977962368,325.276766136,201.990452691,0.614861007061,1.58990539952
DSC02760 step 1,3.78217862486,4.59418029457,4.1826217578,226.851393142,427.921673614,325.585594934,201.070280472,0.614277790885,2.60763907838
DSC02761,0.553218131118,0.703714928575,0.615076298314,227.027453324,427.867048672,325.622905461,200.839595348,0.614207405701,0.377749451419
DSC02762,3.99294112645,4.11041826886,4.05286378673,227.068889222,427.812868695,325.642210814,200.743979472,0.614170993066,2.51721558678
DSC02763,788.959353509,1300.1362244,1062.92242092,0.00243490859062,92.3108162837,46.571816818,92.3083813751,4.29444272663,4454.24989649
DSC02764,781.926207018,1292.97434037,1055.92038553,226.894256599,427.778377137,325.639877173,200.884120538,0.614175394416,634.738278291


lab/try13/edgePreserving/
2019-07-30 19:03:39.019920


lab/try13/edgePreserving1/
2019-07-30 19:04:45.207253
DSC02659,1000,3795.28300369,3569.99291425,333.17257008,334.503485151,333.927846549,1.3309150717,0.598931781421,2135.20999696
DSC02660,1.70857229006,2.34052671677,2.04231502136,332.403978659,335.145418395,333.901152967,2.74143973597,0.598979662763,1.21707031653
DSC02661,47.806700694,51.2750067784,49.671347694,331.118553137,333.46289429,332.493400552,2.3443411535,0.60151569826,29.8144580168
DSC02662,145.244894841,145.798730266,145.585471393,331.306800128,333.711512187,332.625923573,2.40471205893,0.60127604563,87.507524596
DSC02663,81.7006183557,84.9359691895,83.1915828866,332.933929807,335.143244028,334.098039,2.20931422119,0.598626680356,49.7380405208
DSC02664,0.575093180943,0.786408341737,0.683970210843,332.941937172,335.072813269,334.017610268,2.13087609724,0.598770824806,0.429661971554
DSC02665,0.163494808222,0.400937186499,0.325961448946,332.916339685,335.291324666,334.069001508,2.37498498033,0.598678713371,0.154354521288
DSC02666,27.7801049461,27.8676287737,27.8328110759,333.511768525,335.319796383,334.491246609,1.80802785792,0.597922971161,16.566990905
DSC02667,7.84665852836,8.38321715389,8.16476311086,332.87019411,334.871955058,334.011546748,2.00176094797,0.598781694667,4.90177800697
DSC02668,0.454170484337,0.59766344303,0.552208071876,332.886712499,334.814220949,333.978465635,1.92750844931,0.598841004972,0.330517499615
DSC02669,0.328682221979,0.604764762891,0.434940938713,332.875539185,335.011702953,334.037458079,2.13616376825,0.598735247089,0.267479814758
DSC02670,0.350664496586,0.479537324665,0.433081431417,332.784236522,335.067575839,334.073487267,2.28333931709,0.598670674636,0.295908490978
DSC02671,0.326553144732,0.59061149501,0.470296322937,332.870385673,334.964266543,334.006008701,2.0938808702,0.598791622875,0.282178388103
DSC02672,1.73899932774,1.97794752259,1.85671802842,332.775351786,334.902707915,334.005505906,2.12735612948,0.598792524265,1.13999044159
DSC02673,0.232347268063,0.428507624145,0.335643834438,332.565477784,335.000442334,333.976170836,2.43496454976,0.598845119697,0.204439237454
DSC02674,0.474116882243,0.646504024426,0.560819019785,332.854883096,335.01066905,334.025966382,2.1557859534,0.598755845739,0.279708786378
DSC02675,11.3274170227,12.8569871996,12.1754102903,332.079328549,334.552273339,333.294082843,2.47294478973,0.600070659203,7.36096269102
DSC02677 step 0,5,0.831705853586,1.02158293239,0.883232701416,332.118857772,334.58950723,333.285076298,2.47064945777,0.60008687524,0.562512315129
DSC02678,10.8431672948,12.3228325241,11.5591131422,332.704367941,335.022313664,333.990271257,2.31794572324,0.598819837618,6.932697266
DSC02679,0.972104693681,1.01853450561,0.994804553383,332.747907962,334.992338587,334.052346587,2.24443062428,0.598708561826,0.621628295094
DSC02680,2.52056651766,2.5937091985,2.55813567832,332.693103143,335.033171072,334.0334166,2.34006792886,0.598742491203,1.58218970184
DSC02681,2.69687110231,2.82354028818,2.7663153854,332.758412708,334.952953513,333.998004408,2.19454080471,0.598805972971,1.66372401744
DSC02682 step 0,5,0.543843723858,0.598752331898,0.566293894635,332.755585922,334.827308221,333.938735973,2.07172229907,0.598912250827,0.349279036328
DSC02683,0.118852924616,0.297803230742,0.19824075779,332.620485373,334.955976034,333.941707459,2.3354906609,0.598906921576,0.136379267129
DSC02684,0.0795423682035,0.13099822464,0.103590694676,332.681446201,334.976837688,333.979955454,2.2953914863,0.59883833366,0.0375499116292
DSC02685,0.706914987015,0.900742766062,0.819492862115,332.587815527,335.139041799,334.005676059,2.55122627193,0.598792219222,0.482241361619
DSC02686,1.09073990378,1.5019466018,1.26488700541,332.982357893,334.938777439,334.047644277,1.9564195464,0.598716989707,0.770517417051
DSC02687 step 0,5,0.603354287418,0.771107564723,0.679416117277,332.839065414,335.037868519,334.033482114,2.19880310494,0.598742373771,0.404586249844
DSC02688,0.202899991636,0.420632262713,0.305427203368,332.920812476,334.891294154,334.077115858,1.97048167877,0.598664172152,0.193949690614
DSC02689,2.20137254872,2.82377374343,2.48357785459,332.455049983,335.109182018,333.919426597,2.65413203444,0.598946883798,1.4520119389
DSC02690,2.88433848159,3.30571207212,3.11515732515,332.725778975,334.896104378,333.968209255,2.17032540215,0.598859395768,1.85956388786
DSC02691,1.35423174543,1.68108863499,1.50994532165,332.704958832,335.054274253,334.033969757,2.3493154213,0.598741499691,0.903666721872
DSC02692 step 0,5,0.824697066451,0.923384707212,0.874705695688,332.715783422,335.046169987,334.040202173,2.33038656487,0.598730328562,0.520358115712
DSC02693,4.3950712847,4.99829697365,4.71195026495,332.717716368,334.480248997,333.770983741,1.76253262905,0.599213262214,2.82465357681
DSC02694,4.97824146358,5.71012095029,5.34027023474,332.507200389,335.022086966,333.954151364,2.51488657692,0.598884604916,3.2089513848
DSC02695,1.10946399708,1.26701657592,1.19715517795,332.529065082,334.930522981,333.91521472,2.40145789873,0.598954438682,0.696357500081
DSC02696,1.46926913319,1.68549678812,1.5615854353,332.718521144,335.08161925,334.038614377,2.36309810576,0.598733174526,0.921850864058
DSC02697 intval 1,2.13161897626,2.26062631331,2.17628298622,332.660151284,335.047124966,334.029984559,2.38697368208,0.598748643072,1.31595196629
DSC02698,1.55989064729,1.71427093271,1.6398132357,332.774489183,335.029556502,334.024689691,2.25506731944,0.598758134271,1.02009445362
DSC02699,1.93920863475,2.29705609042,2.15547496176,332.657276987,334.998288935,333.976602274,2.34101194755,0.598844346096,1.35688823987
DSC02700,1.20236888882,1.44287161012,1.35676371851,332.632751623,334.988542179,333.943621418,2.35579055663,0.59890348901,0.841295242157
DSC02701,0.337764385654,0.614103312992,0.469396736921,332.675771421,334.936479507,333.902377669,2.2607080859,0.598977465797,0.294082104478
DSC02702,1.29225240265,1.60951290188,1.4701675989,332.745293832,335.008749933,334.051932143,2.26345610071,0.598709304619,0.880166547312
DSC02703 step 1,3.40996979229,3.61213527549,3.50442825576,332.805325626,335.073023638,334.066820737,2.26769801163,0.598682621516,2.08414902976
DSC02704,0.356140947382,0.55909174615,0.438746835541,332.700419359,335.044317,334.022774894,2.34389764116,0.598761566673,0.260970611907
DSC02705,1.27432428387,1.38503012667,1.34584113108,332.644783963,334.932564677,333.956624136,2.28778071468,0.598880170494,0.802399036476
DSC02706,1.93845943953,2.03770679407,1.99403505398,332.740752111,334.901993714,333.942018804,2.16124160305,0.598906363196,1.19881684667
DSC02707,1.17484324607,1.35717828335,1.26254458256,332.5906823,334.943716918,333.953668565,2.35303461764,0.598885470728,0.758035995151
DSC02708 step 1,1.73536305163,1.81626939566,1.76716879287,332.673782083,335.020760319,334.033731037,2.34697823643,0.598741927587,1.03585703017
DSC02709,3.32381763347,3.52702774753,3.42672292658,332.441219508,335.049861857,333.882515924,2.60864234836,0.599013097306,2.08703607244
DSC02710,2.91209517027,3.14764730652,3.00310932538,332.721542511,334.995237812,333.978005302,2.27369530029,0.598841830375,1.86146939801
DSC02711,1.65167369288,1.75172982552,1.71375508915,332.760626905,335.041152781,334.05815511,2.2805258759,0.598698151626,1.06448606744
DSC02712,2.1666136794,2.29987012766,2.2439305941,332.626261355,334.975816358,333.999893949,2.34955500308,0.59880258534,1.35360449866
DSC02713 intval 0,1,0.276714659175,0.479014669719,0.382535241654,332.590410774,334.936391584,333.940241531,2.34598081068,0.598909550652,0.215170615582
DSC02714,0.185533262055,0.267941527471,0.232425599648,332.633320074,334.936386789,333.910251105,2.30306671492,0.59896334221,0.123816235835
DSC02715,1.51782297248,4.01969246685,2.74463754167,330.133050684,335.012448249,332.883889759,4.87939756496,0.600810090704,1.61167719833
DSC02716,8.69499204582,10.6152418184,9.64828145299,332.164017364,334.883801232,333.664463887,2.71978386804,0.599404556511,5.82226074066
DSC02717,6.24982912903,6.52303529973,6.37905086294,331.806275167,334.926642257,333.556864227,3.12036709003,0.599597914026,3.84620592696
DSC02718,1.59274913645,2.36908247295,2.0275452978,332.631890709,335.053140329,334.02644175,2.42124962028,0.598754993624,1.22976292804
DSC02719 step 0,1,0.243939034203,0.449243495094,0.373523380285,332.75906937,334.945345735,333.991543166,2.18627636563,0.598817557187,0.194501371829
DSC02720,1.14693132231,1.3941435502,1.28764940093,332.446863651,335.02849551,333.935591446,2.58163185928,0.598917890525,0.713525176113
DSC02721,1.21601622202,1.5042663589,1.32948094827,332.679270596,334.95932848,334.033697469,2.28005788379,0.598741987755,0.770558222052
DSC02722,1.30795794172,1.95400151612,1.66718625383,332.365346799,334.910125778,333.749153869,2.54477897852,0.599252455568,1.00043186679
DSC02723,1.23585718837,1.93580100723,1.60867131917,332.773157709,334.989871031,334.030361212,2.21671332164,0.598747967923,0.958795660242
DSC02724 step 0,1,0.127171958705,0.245750793782,0.175432977378,332.64508839,334.998254214,334.000145482,2.35316582426,0.598802134386,0.0240649156708
DSC02725,2.36975092626,2.8838060135,2.62673766637,332.22526539,335.000781478,333.803301658,2.77551608814,0.599155248035,1.58088246618
DSC02726,1.06916606372,1.74179757463,1.41075666462,332.915210409,334.791806272,333.933912891,1.87659586345,0.59892090105,0.835040645902
DSC02727,1.24216920011,1.50230550415,1.3762882166,332.765600906,334.870375872,334.005500477,2.10477496604,0.598792533998,0.831950379862
DSC02728,2.01933556204,3.09918645559,2.57389824756,331.776326752,334.8823728,333.489102174,3.10604604771,0.59971974705,1.51766302688
DSC02729,136.31341347,236.403305413,188.374453937,225.174489201,428.0150786,324.638056293,202.840589399,0.616070716673,110.031289498
DSC02730 step 0,5,31.5444098707,31.9977443653,31.7799171394,224.962830059,428.174935625,324.623485758,203.212105566,0.616098368647,19.5726526455
DSC02731,7.98214652135,8.28782709679,8.14649439672,224.727637464,427.937659148,324.412813512,203.210021684,0.616498460202,5.0638205262
DSC02732,5.49568103279,5.71836449934,5.62641065252,224.828665514,427.936412672,324.581203521,203.107747158,0.616178625967,3.42194757761
DSC02733,6.37706448748,6.63160658659,6.55946695326,224.74262727,428.00436471,324.3840962,203.261737441,0.616553038027,3.97235245412
DSC02734,0.276110121798,0.648331645001,0.508506986097,224.837083436,427.875409436,324.532834558,203.038326001,0.616270462348,0.360714019008
DSC02735 step 0,5,0.929417675196,1.20480965046,1.06575478223,224.684105632,427.794770896,324.350972029,203.110665264,0.61661600318,0.622470397408
DSC02736,0.437747561712,0.703248161549,0.506369993292,224.633213274,428.021945986,324.374186258,203.388732712,0.616571874314,0.30929227082
DSC02737,0.409718325115,0.507904631253,0.443166669059,224.532324603,427.813255452,324.342339646,203.280930849,0.616632414436,0.326454752309
DSC02738,1.98324829315,2.13014458504,2.05068058858,224.669407476,427.855562195,324.344294703,203.186154719,0.616628697548,1.25318667448
DSC02739,2.45033304824,2.57899672192,2.52173605435,224.61524195,427.673100587,324.311953776,203.057858638,0.616690188788,1.52699835421
DSC02740 step 0,5,1.69508149731,1.9844684316,1.83206302413,224.713960055,427.976805777,324.410745017,203.262845723,0.616502391095,1.10114808084
DSC02741,0.57241709921,0.76501737539,0.658582612472,224.475843883,428.119430361,324.365420075,203.643586478,0.616588537563,0.491025169792
DSC02742,0.267914525766,0.688139271463,0.431850505207,224.741416277,427.911905406,324.444835471,203.170489129,0.616437613223,0.374332155531
DSC02743,0.122608493814,0.319799430993,0.239855667939,224.509798309,427.84518678,324.325893657,203.335388471,0.616663682769,0.20434851388
DSC02744,0.910014325647,1.06690819075,1.00049813034,224.576280343,427.898062114,324.387258816,203.321781771,0.616547026939,0.652558252171
DSC02745 step 0,5,1.47785707772,1.50824480827,1.49497909423,224.643749384,427.905311538,324.310232296,203.261562155,0.616693462257,0.90033249953
DSC02746,0.223998358203,0.346587262795,0.284972849419,224.595160064,427.778139569,324.292503564,203.182979505,0.616727176243,0.22861257233
DSC02747,1.86510493843,1.98563053931,1.92854287512,224.482282088,427.966099595,324.328783484,203.483817507,0.616658188186,1.18704780017
DSC02748,5.15405376941,7.41598555443,6.28190936151,222.230145288,427.698902844,323.308563432,205.468757557,0.618604091017,3.94580621623
DSC02749,3.26325191853,5.61597641396,4.48785825021,224.586105837,428.00418015,324.381110346,203.418074313,0.616558713257,2.83609847051
DSC02750 intval 1,1.01666682434,1.13371850976,1.08541997636,224.711000009,427.857504431,324.352360408,203.146504422,0.616613363776,0.66486975227
DSC02751,0.241871689421,0.355601464115,0.291363966905,224.388641198,427.96148959,324.291191137,203.572848392,0.616729672178,0.119733274954
DSC02752,3.46407499677,4.13148902982,3.7565136572,224.054825841,427.680726315,324.027417421,203.625900473,0.617231719438,2.28528967613
DSC02753,2.83585888515,3.46758638445,3.14784463093,224.465134204,427.759738824,324.230323073,203.29460462,0.616845451421,1.9226483944
DSC02754,1.76864349547,1.87541167588,1.82219878523,224.231373931,427.866411931,324.188684628,203.635037999,0.616924678384,1.13519379754
DSC02755 step 1,2.04766100068,2.25586342089,2.11316970185,224.486355642,427.722185489,324.180808293,203.235829847,0.616939667259,1.34282416932
DSC02756,1.94021306127,2.27048586599,2.10796658229,224.247309252,427.812939573,324.082357383,203.565630321,0.61712708342,1.30826409847
DSC02757,6.05113187307,6.25662946532,6.15638512894,224.137192317,427.701329371,324.094758908,203.564137055,0.617103468979,3.82526292339
DSC02758,3.39186337265,3.52616861905,3.46176791459,224.238270788,427.68711672,324.080456472,203.448845932,0.617130703213,2.14183703536
DSC02759,2.53065503746,3.02986073857,2.76817715469,223.444102685,427.89437748,323.84913873,204.450274795,0.617571505005,1.76881068966
DSC02760 step 1,4.05678879674,4.93852330722,4.39692217324,224.394973601,427.709425484,324.112293836,203.314451882,0.617070082819,2.7644986288
DSC02761,0.468122013959,0.675109926739,0.583400501913,224.464313832,427.585504557,324.172166387,203.121190725,0.616956113874,0.384653003112
DSC02762,3.94362691999,4.19578914137,4.09758469389,224.307827434,427.584303859,324.052073582,203.276476424,0.617184756108,2.55090654331
DSC02763,6.53136695524,6.72330576005,6.62072282571,224.374949614,427.77756729,324.126009062,203.402617676,0.617043971814,4.09556113329
DSC02764,1.71514539303,1.94300933062,1.80994514555,224.488505831,427.634321939,324.160767278,203.145816108,0.616977809127,1.08824203172
